"0","returns[201,]"
"1","[1]"
"1"," -21.01695"
"1"," -18.20809"
"1"," -21.67577"
"1"," -15.68123"
"1"," -12.98482"
"1"," -23.53959"
"1","
"
