"0","confint(capm_model, 2:5)"
"1","  "
"1","     2.5 %"
"1","   97.5 %"
"1","
X1"
"1"," 1.1473905"
"1"," 1.745935"
"1","
X2"
"1"," 0.6862113"
"1"," 1.284755"
"1","
X3"
"1"," 0.7502506"
"1"," 1.348795"
"1","
X4"
"1"," 0.9746815"
"1"," 1.573226"
"1","
"
